{"scores": {"1089_134686_000012_000000": 3.2967159748077393, "1188_133604_000012_000002": 4.819098949432373, "121_121726_000007_000003": 4.249724864959717, "121_127105_000013_000000": 4.45311975479126, "121_127105_000016_000008": 4.643487453460693, "1320_122612_000048_000002": 3.943415880203247, "1320_122617_000027_000002": 3.5745134353637695, "1580_141083_000008_000005": 4.2721476554870605, "1580_141083_000016_000000": 4.3702898025512695, "1580_141083_000018_000001": 4.978142738342285, "1580_141083_000041_000005": 4.429805755615234, "1580_141083_000076_000000": 3.3201868534088135, "1580_141083_000117_000000": 4.268019676208496, "1580_141084_000006_000000": 4.604584693908691, "1580_141084_000019_000001": 3.4904730319976807, "1995_1826_000016_000000": 4.64033842086792, "1995_1836_000004_000003": 4.847296237945557, "1995_1836_000009_000000": 4.329245090484619, "1995_1837_000011_000001": 4.741477966308594, "2300_131720_000002_000003": 4.2913031578063965, "2300_131720_000005_000002": 4.317571640014648, "2300_131720_000016_000014": 3.9681053161621094, "2300_131720_000035_000004": 4.532990455627441, "237_126133_000002_000003": 4.860341548919678, "237_126133_000009_000000": 4.364563941955566, "237_134493_000017_000014": 4.046351432800293, "237_134493_000021_000002": 3.9856691360473633, "237_134500_000005_000000": 3.4675469398498535, "260_123286_000006_000002": 3.6943087577819824, "260_123286_000012_000001": 3.2158448696136475, "260_123286_000048_000002": 4.253215312957764, "2830_3979_000023_000000": 4.653378486633301, "2830_3980_000017_000000": 4.669492244720459, "2830_3980_000106_000004": 4.655007839202881, "2961_961_000004_000008": 4.3844075202941895, "3570_5694_000010_000001": 4.37005615234375, "3570_5694_000010_000004": 4.576382160186768, "3570_5695_000008_000002": 4.273407459259033, "3729_6852_000004_000003": 4.722227573394775, "4077_13754_000002_000001": 3.826756715774536, "4446_2271_000003_000003": 4.793388366699219, "4446_2271_000017_000000": 4.7358784675598145, "4446_2273_000011_000003": 4.767958164215088, "4446_2273_000023_000001": 3.300593137741089, "4446_2273_000027_000002": 3.977219343185425, "4446_2273_000034_000001": 3.8530616760253906, "4446_2275_000021_000002": 3.1944305896759033, "4446_2275_000043_000004": 3.3942980766296387, "4507_16021_000026_000001": 4.6685638427734375, "4507_16021_000030_000001": 4.617469787597656, "4507_16021_000038_000001": 4.779418468475342, "4970_29093_000017_000000": 4.422940254211426, "4970_29093_000017_000002": 4.448493957519531, "4970_29093_000036_000000": 4.076280117034912, "4970_29093_000049_000001": 4.292949676513672, "4970_29095_000032_000001": 4.241168022155762, "4992_23283_000047_000001": 4.681314468383789, "4992_41797_000012_000000": 4.6066999435424805, "4992_41797_000017_000002": 4.898766040802002, "4992_41797_000023_000002": 4.3733696937561035, "5105_28241_000017_000000": 4.039559841156006, "5142_33396_000021_000000": 4.470672130584717, "5142_33396_000028_000001": 4.932108402252197, "5142_36600_000007_000007": 4.527774810791016, "5142_36600_000010_000001": 4.494278907775879, "5639_40744_000012_000003": 4.456410884857178, "5639_40744_000016_000002": 3.974829912185669, "5639_40744_000018_000002": 4.22081995010376, "5639_40744_000020_000002": 3.9694690704345703, "5683_32865_000031_000000": 4.502242088317871, "5683_32866_000018_000000": 4.446756362915039, "5683_32879_000046_000000": 3.3471665382385254, "5683_32879_000048_000003": 3.8953442573547363, "6829_68769_000005_000004": 4.173236846923828, "6829_68771_000004_000000": 3.6822097301483154, "6829_68771_000012_000005": 4.1450581550598145, "6829_68771_000037_000001": 4.611362457275391, "6829_68771_000045_000000": 4.31972599029541, "6930_75918_000038_000000": 4.483928203582764, "6930_75918_000039_000000": 2.095848798751831, "7021_79759_000004_000004": 4.6821722984313965, "7021_85628_000014_000000": 4.422181129455566, "7127_75946_000052_000000": 4.075478553771973, "7127_75946_000052_000001": 3.419860601425171, "7127_75946_000057_000002": 4.544232368469238, "7176_88083_000024_000001": 4.139930248260498, "7729_102255_000002_000001": 4.609264850616455, "7729_102255_000020_000006": 4.717042922973633, "8224_274384_000026_000002": 4.153021335601807, "8230_279154_000008_000005": 3.4839284420013428, "8230_279154_000027_000001": 4.599421977996826, "8455_210777_000054_000001": 4.359224796295166, "8455_210777_000061_000003": 4.420023441314697, "8463_287645_000013_000000": 4.103609085083008, "8463_287645_000024_000001": 4.5951008796691895, "8463_294828_000020_000000": 4.239001274108887, "8463_294828_000024_000002": 4.732153415679932, "8463_294828_000052_000000": 4.5231404304504395, "8555_284449_000038_000001": 4.360800266265869, "8555_284449_000061_000000": 4.496641159057617}, "avg_score": 4.2599030780792235}