{"pitch_mean": 177.88683723449708, "pitch_std": 35.189023447036746, "pitch_kurtosis": 0.788351546671227, "pitch_skewness": 0.9494035465994256}