{"scores": {"1089_134686_000012_000000": 0.7625186443328857, "1188_133604_000012_000002": 0.8159337043762207, "121_121726_000007_000003": 0.2771409749984741, "121_127105_000013_000000": 0.32544955611228943, "121_127105_000016_000008": 0.7594761252403259, "1320_122612_000048_000002": 0.5026355981826782, "1320_122617_000027_000002": 0.6899409890174866, "1580_141083_000008_000005": 0.4826921224594116, "1580_141083_000016_000000": 0.5347625017166138, "1580_141083_000018_000001": 0.5517445802688599, "1580_141083_000041_000005": 0.609499990940094, "1580_141083_000076_000000": 0.20983797311782837, "1580_141083_000117_000000": 0.22860053181648254, "1580_141084_000006_000000": 0.45334482192993164, "1580_141084_000019_000001": 0.5974430441856384, "1995_1826_000016_000000": 0.7547867298126221, "1995_1836_000004_000003": 0.4131244719028473, "1995_1836_000009_000000": 0.5905871987342834, "1995_1837_000011_000001": 0.5554280877113342, "2300_131720_000002_000003": 0.508615255355835, "2300_131720_000005_000002": 0.7001774311065674, "2300_131720_000016_000014": 0.5572891235351562, "2300_131720_000035_000004": 0.46297168731689453, "237_126133_000002_000003": 0.5493613481521606, "237_126133_000009_000000": 0.6587460041046143, "237_134493_000017_000014": 0.33265170454978943, "237_134493_000021_000002": 0.7319564819335938, "237_134500_000005_000000": 0.36862990260124207, "260_123286_000006_000002": 0.298639714717865, "260_123286_000012_000001": 0.462704062461853, "260_123286_000048_000002": 0.5432776212692261, "2830_3979_000023_000000": 0.6634098291397095, "2830_3980_000017_000000": 0.4688432812690735, "2830_3980_000106_000004": 0.6055524349212646, "2961_961_000004_000008": 0.7890281677246094, "3570_5694_000010_000001": 0.7133765816688538, "3570_5694_000010_000004": 0.8145080804824829, "3570_5695_000008_000002": 0.7385753989219666, "3729_6852_000004_000003": 0.710526168346405, "4077_13754_000002_000001": 0.8114139437675476, "4446_2271_000003_000003": 0.7907906770706177, "4446_2271_000017_000000": 0.1800914853811264, "4446_2273_000011_000003": 0.6524181962013245, "4446_2273_000023_000001": 0.5719053149223328, "4446_2273_000027_000002": 0.22347590327262878, "4446_2273_000034_000001": 0.45215559005737305, "4446_2275_000021_000002": 0.4559900462627411, "4446_2275_000043_000004": 0.47204941511154175, "4507_16021_000026_000001": 0.7717089653015137, "4507_16021_000030_000001": 0.6948803663253784, "4507_16021_000038_000001": 0.7731853723526001, "4970_29093_000017_000000": 0.695594847202301, "4970_29093_000017_000002": 0.2823261320590973, "4970_29093_000036_000000": 0.4218987822532654, "4970_29093_000049_000001": 0.4133310317993164, "4970_29095_000032_000001": 0.5676552057266235, "4992_23283_000047_000001": 0.8070669174194336, "4992_41797_000012_000000": 0.548930823802948, "4992_41797_000017_000002": 0.5955354571342468, "4992_41797_000023_000002": 0.1860082894563675, "5105_28241_000017_000000": 0.7977275252342224, "5142_33396_000021_000000": 0.39426541328430176, "5142_33396_000028_000001": 0.5156536102294922, "5142_36600_000007_000007": 0.5106669664382935, "5142_36600_000010_000001": 0.8087663054466248, "5639_40744_000012_000003": 0.8461350202560425, "5639_40744_000016_000002": 0.8607534766197205, "5639_40744_000018_000002": 0.612411379814148, "5639_40744_000020_000002": 0.7773501873016357, "5683_32865_000031_000000": 0.5181236863136292, "5683_32866_000018_000000": 0.39675042033195496, "5683_32879_000046_000000": 0.3505713939666748, "5683_32879_000048_000003": 0.3794501721858978, "6829_68769_000005_000004": 0.5243061780929565, "6829_68771_000004_000000": 0.5163635611534119, "6829_68771_000012_000005": 0.4788694381713867, "6829_68771_000037_000001": 0.5307472944259644, "6829_68771_000045_000000": 0.6019771099090576, "6930_75918_000038_000000": 0.4678790271282196, "6930_75918_000039_000000": 0.5559381246566772, "7021_79759_000004_000004": 0.5265032649040222, "7021_85628_000014_000000": 0.4065801799297333, "7127_75946_000052_000000": 0.582001805305481, "7127_75946_000052_000001": 0.2603217661380768, "7127_75946_000057_000002": 0.5091203451156616, "7176_88083_000024_000001": 0.8265623450279236, "7729_102255_000002_000001": 0.6812492609024048, "7729_102255_000020_000006": 0.7176344990730286, "8224_274384_000026_000002": 0.8399190306663513, "8230_279154_000008_000005": 0.8306849598884583, "8230_279154_000027_000001": 0.8137418627738953, "8455_210777_000054_000001": 0.761552095413208, "8455_210777_000061_000003": 0.560680091381073, "8463_287645_000013_000000": 0.5387014746665955, "8463_287645_000024_000001": 0.4058862626552582, "8463_294828_000020_000000": 0.30733630061149597, "8463_294828_000024_000002": 0.6709278225898743, "8463_294828_000052_000000": 0.47751331329345703, "8555_284449_000038_000001": 0.6155438423156738, "8555_284449_000061_000000": 0.6229576468467712}, "avg_score": 0.5656232514977455}