{"scores": {"1089_134686_000012_000000": 2.50856876373291, "1188_133604_000012_000002": 2.92820143699646, "121_121726_000007_000003": 2.609215021133423, "121_127105_000013_000000": 3.1688339710235596, "121_127105_000016_000008": 3.8167150020599365, "1320_122612_000048_000002": 2.599158525466919, "1320_122617_000027_000002": 2.6467137336730957, "1580_141083_000008_000005": 3.1935296058654785, "1580_141083_000016_000000": 4.2272257804870605, "1580_141083_000018_000001": 3.6426095962524414, "1580_141083_000041_000005": 3.619192123413086, "1580_141083_000076_000000": 3.2276370525360107, "1580_141083_000117_000000": 3.1384198665618896, "1580_141084_000006_000000": 4.097872257232666, "1580_141084_000019_000001": 2.855313301086426, "1995_1826_000016_000000": 3.3425180912017822, "1995_1836_000004_000003": 3.2590575218200684, "1995_1836_000009_000000": 3.6557185649871826, "1995_1837_000011_000001": 3.310659646987915, "2300_131720_000002_000003": 2.7934465408325195, "2300_131720_000005_000002": 3.3538753986358643, "2300_131720_000016_000014": 2.8281986713409424, "2300_131720_000035_000004": 2.957280397415161, "237_126133_000002_000003": 3.166332721710205, "237_126133_000009_000000": 3.1166510581970215, "237_134493_000017_000014": 3.0065019130706787, "237_134493_000021_000002": 3.5098156929016113, "237_134500_000005_000000": 3.3126511573791504, "260_123286_000006_000002": 3.4097743034362793, "260_123286_000012_000001": 3.260063409805298, "260_123286_000048_000002": 2.8080391883850098, "2830_3979_000023_000000": 2.976754665374756, "2830_3980_000017_000000": 3.3185794353485107, "2830_3980_000106_000004": 3.265990734100342, "2961_961_000004_000008": 3.4264535903930664, "3570_5694_000010_000001": 3.366877555847168, "3570_5694_000010_000004": 3.406019449234009, "3570_5695_000008_000002": 3.5739293098449707, "3729_6852_000004_000003": 3.4735171794891357, "4077_13754_000002_000001": 2.8537235260009766, "4446_2271_000003_000003": 3.2613580226898193, "4446_2271_000017_000000": 3.1544301509857178, "4446_2273_000011_000003": 3.724984645843506, "4446_2273_000023_000001": 3.838439464569092, "4446_2273_000027_000002": 3.4309284687042236, "4446_2273_000034_000001": 3.200040340423584, "4446_2275_000021_000002": 3.2132699489593506, "4446_2275_000043_000004": 3.8134377002716064, "4507_16021_000026_000001": 4.246987342834473, "4507_16021_000030_000001": 3.5667481422424316, "4507_16021_000038_000001": 3.804168701171875, "4970_29093_000017_000000": 3.74346661567688, "4970_29093_000017_000002": 3.4890847206115723, "4970_29093_000036_000000": 3.772731304168701, "4970_29093_000049_000001": 3.7420740127563477, "4970_29095_000032_000001": 3.9144368171691895, "4992_23283_000047_000001": 3.3904383182525635, "4992_41797_000012_000000": 4.12291955947876, "4992_41797_000017_000002": 3.5992555618286133, "4992_41797_000023_000002": 3.948943614959717, "5105_28241_000017_000000": 2.956627607345581, "5142_33396_000021_000000": 3.6238324642181396, "5142_33396_000028_000001": 3.5775530338287354, "5142_36600_000007_000007": 4.150407314300537, "5142_36600_000010_000001": 4.094618320465088, "5639_40744_000012_000003": 2.6439738273620605, "5639_40744_000016_000002": 2.8348703384399414, "5639_40744_000018_000002": 3.4116251468658447, "5639_40744_000020_000002": 2.867750883102417, "5683_32865_000031_000000": 3.3721399307250977, "5683_32866_000018_000000": 3.7108423709869385, "5683_32879_000046_000000": 3.6066222190856934, "5683_32879_000048_000003": 3.316824197769165, "6829_68769_000005_000004": 3.242457151412964, "6829_68771_000004_000000": 3.1747658252716064, "6829_68771_000012_000005": 3.212965250015259, "6829_68771_000037_000001": 2.594496965408325, "6829_68771_000045_000000": 3.2101242542266846, "6930_75918_000038_000000": 3.2692601680755615, "6930_75918_000039_000000": 2.9706923961639404, "7021_79759_000004_000004": 3.3926377296447754, "7021_85628_000014_000000": 3.1465682983398438, "7127_75946_000052_000000": 3.1072192192077637, "7127_75946_000052_000001": 2.3250622749328613, "7127_75946_000057_000002": 2.9726550579071045, "7176_88083_000024_000001": 3.291900634765625, "7729_102255_000002_000001": 3.5752053260803223, "7729_102255_000020_000006": 2.1243391036987305, "8224_274384_000026_000002": 2.904081344604492, "8230_279154_000008_000005": 2.619138479232788, "8230_279154_000027_000001": 2.6928551197052, "8455_210777_000054_000001": 3.131901264190674, "8455_210777_000061_000003": 2.4895055294036865, "8463_287645_000013_000000": 3.4228498935699463, "8463_287645_000024_000001": 1.9291409254074097, "8463_294828_000020_000000": 1.9716699123382568, "8463_294828_000024_000002": 3.140380859375, "8463_294828_000052_000000": 3.1883397102355957, "8555_284449_000038_000001": 3.761796712875366, "8555_284449_000061_000000": 3.69740891456604}, "avg_score": 3.2673688519001005}