{"pitch_mean": 171.12744819641114, "pitch_std": 25.096901769638063, "pitch_kurtosis": 0.2530549716352576, "pitch_skewness": 0.5896234183950313}