{"scores": {"1089_134686_000012_000000": 0.5882434844970703, "1188_133604_000012_000002": 0.656212329864502, "121_121726_000007_000003": 0.3385026454925537, "121_127105_000013_000000": 0.3448064923286438, "121_127105_000016_000008": 0.48124614357948303, "1320_122612_000048_000002": 0.5502802133560181, "1320_122617_000027_000002": 0.5286001563072205, "1580_141083_000008_000005": 0.4585894048213959, "1580_141083_000016_000000": 0.5720542669296265, "1580_141083_000018_000001": 0.557698667049408, "1580_141083_000041_000005": 0.5827810168266296, "1580_141083_000076_000000": 0.08063328266143799, "1580_141083_000117_000000": 0.25448229908943176, "1580_141084_000006_000000": 0.366597980260849, "1580_141084_000019_000001": 0.4792589545249939, "1995_1826_000016_000000": 0.6174885630607605, "1995_1836_000004_000003": 0.3431118130683899, "1995_1836_000009_000000": 0.5237613916397095, "1995_1837_000011_000001": 0.5853407382965088, "2300_131720_000002_000003": 0.4385564923286438, "2300_131720_000005_000002": 0.5439623594284058, "2300_131720_000016_000014": 0.5633226633071899, "2300_131720_000035_000004": 0.5659923553466797, "237_126133_000002_000003": 0.46683862805366516, "237_126133_000009_000000": 0.3848237693309784, "237_134493_000017_000014": 0.29801028966903687, "237_134493_000021_000002": 0.4671173095703125, "237_134500_000005_000000": 0.2778153121471405, "260_123286_000006_000002": 0.149136021733284, "260_123286_000012_000001": 0.3451347351074219, "260_123286_000048_000002": 0.41635823249816895, "2830_3979_000023_000000": 0.6430138945579529, "2830_3980_000017_000000": 0.6028993725776672, "2830_3980_000106_000004": 0.5870046615600586, "2961_961_000004_000008": 0.5690548419952393, "3570_5694_000010_000001": 0.6390904188156128, "3570_5694_000010_000004": 0.6277745962142944, "3570_5695_000008_000002": 0.6088942885398865, "3729_6852_000004_000003": 0.5328160524368286, "4077_13754_000002_000001": 0.6780065894126892, "4446_2271_000003_000003": 0.592573881149292, "4446_2271_000017_000000": 0.3073197901248932, "4446_2273_000011_000003": 0.47419798374176025, "4446_2273_000023_000001": 0.4762265682220459, "4446_2273_000027_000002": 0.20510193705558777, "4446_2273_000034_000001": 0.4504900574684143, "4446_2275_000021_000002": 0.3134688138961792, "4446_2275_000043_000004": 0.4787575900554657, "4507_16021_000026_000001": 0.5764933228492737, "4507_16021_000030_000001": 0.4758681654930115, "4507_16021_000038_000001": 0.6399896740913391, "4970_29093_000017_000000": 0.5631155967712402, "4970_29093_000017_000002": 0.28042227029800415, "4970_29093_000036_000000": 0.346844345331192, "4970_29093_000049_000001": 0.5061044096946716, "4970_29095_000032_000001": 0.5830684900283813, "4992_23283_000047_000001": 0.6267997622489929, "4992_41797_000012_000000": 0.3937743306159973, "4992_41797_000017_000002": 0.4908602833747864, "4992_41797_000023_000002": 0.32388806343078613, "5105_28241_000017_000000": 0.6361749172210693, "5142_33396_000021_000000": 0.36837270855903625, "5142_33396_000028_000001": 0.682536244392395, "5142_36600_000007_000007": 0.5004828572273254, "5142_36600_000010_000001": 0.5814928412437439, "5639_40744_000012_000003": 0.5282626748085022, "5639_40744_000016_000002": 0.4848218560218811, "5639_40744_000018_000002": 0.4801149368286133, "5639_40744_000020_000002": 0.5949631333351135, "5683_32865_000031_000000": 0.5252588987350464, "5683_32866_000018_000000": 0.42883312702178955, "5683_32879_000046_000000": 0.42535585165023804, "5683_32879_000048_000003": 0.5258514881134033, "6829_68769_000005_000004": 0.3786170482635498, "6829_68771_000004_000000": 0.5400121212005615, "6829_68771_000012_000005": 0.3686709403991699, "6829_68771_000037_000001": 0.625042200088501, "6829_68771_000045_000000": 0.5767220854759216, "6930_75918_000038_000000": 0.31603866815567017, "6930_75918_000039_000000": 0.21000269055366516, "7021_79759_000004_000004": 0.55227130651474, "7021_85628_000014_000000": 0.28103262186050415, "7127_75946_000052_000000": 0.32355740666389465, "7127_75946_000052_000001": 0.2456083744764328, "7127_75946_000057_000002": 0.4705420136451721, "7176_88083_000024_000001": 0.4518739879131317, "7729_102255_000002_000001": 0.441913902759552, "7729_102255_000020_000006": 0.5139283537864685, "8224_274384_000026_000002": 0.4880346953868866, "8230_279154_000008_000005": 0.6034043431282043, "8230_279154_000027_000001": 0.6754174828529358, "8455_210777_000054_000001": 0.5495384335517883, "8455_210777_000061_000003": 0.42604273557662964, "8463_287645_000013_000000": 0.6438908576965332, "8463_287645_000024_000001": 0.5513933897018433, "8463_294828_000020_000000": 0.3844941258430481, "8463_294828_000024_000002": 0.4745970368385315, "8463_294828_000052_000000": 0.43289071321487427, "8555_284449_000038_000001": 0.49622318148612976, "8555_284449_000061_000000": 0.601828932762146}, "avg_score": 0.47806789249181747}