{"scores": {"1089_134686_000012_000000": 3.6937239170074463, "1188_133604_000012_000002": 3.7729403972625732, "121_121726_000007_000003": 4.457254886627197, "121_127105_000013_000000": 4.2893385887146, "121_127105_000016_000008": 4.874874591827393, "1320_122612_000048_000002": 3.6453473567962646, "1320_122617_000027_000002": 3.894740343093872, "1580_141083_000008_000005": 4.622186183929443, "1580_141083_000016_000000": 4.546782970428467, "1580_141083_000018_000001": 4.660475730895996, "1580_141083_000041_000005": 4.625467777252197, "1580_141083_000076_000000": 4.531814098358154, "1580_141083_000117_000000": 4.366799831390381, "1580_141084_000006_000000": 4.220015525817871, "1580_141084_000019_000001": 4.542360782623291, "1995_1826_000016_000000": 4.5822224617004395, "1995_1836_000004_000003": 4.462101936340332, "1995_1836_000009_000000": 4.657703399658203, "1995_1837_000011_000001": 4.630264759063721, "2300_131720_000002_000003": 4.971173286437988, "2300_131720_000005_000002": 4.055368423461914, "2300_131720_000016_000014": 4.105029582977295, "2300_131720_000035_000004": 4.475700855255127, "237_126133_000002_000003": 4.742922782897949, "237_126133_000009_000000": 4.2935614585876465, "237_134493_000017_000014": 4.456030368804932, "237_134493_000021_000002": 4.697882652282715, "237_134500_000005_000000": 3.0984840393066406, "260_123286_000006_000002": 4.35374116897583, "260_123286_000012_000001": 4.455327987670898, "260_123286_000048_000002": 4.928960800170898, "2830_3979_000023_000000": 4.531257152557373, "2830_3980_000017_000000": 4.160008430480957, "2830_3980_000106_000004": 4.623219013214111, "2961_961_000004_000008": 4.647895812988281, "3570_5694_000010_000001": 4.065051555633545, "3570_5694_000010_000004": 3.7455508708953857, "3570_5695_000008_000002": 4.777287483215332, "3729_6852_000004_000003": 4.0126953125, "4077_13754_000002_000001": 4.622924327850342, "4446_2271_000003_000003": 3.991563081741333, "4446_2271_000017_000000": 4.558947563171387, "4446_2273_000011_000003": 3.346972942352295, "4446_2273_000023_000001": 4.556869983673096, "4446_2273_000027_000002": 4.617791652679443, "4446_2273_000034_000001": 4.228033065795898, "4446_2275_000021_000002": 4.433472156524658, "4446_2275_000043_000004": 3.4044077396392822, "4507_16021_000026_000001": 4.373909950256348, "4507_16021_000030_000001": 4.717870235443115, "4507_16021_000038_000001": 4.59785795211792, "4970_29093_000017_000000": 4.558143615722656, "4970_29093_000017_000002": 4.397053241729736, "4970_29093_000036_000000": 4.50136661529541, "4970_29093_000049_000001": 4.354856491088867, "4970_29095_000032_000001": 4.119264125823975, "4992_23283_000047_000001": 4.739819049835205, "4992_41797_000012_000000": 4.580528259277344, "4992_41797_000017_000002": 4.714409351348877, "4992_41797_000023_000002": 4.556334495544434, "5105_28241_000017_000000": 3.9898056983947754, "5142_33396_000021_000000": 4.644603252410889, "5142_33396_000028_000001": 4.527774810791016, "5142_36600_000007_000007": 4.395142078399658, "5142_36600_000010_000001": 4.682772636413574, "5639_40744_000012_000003": 4.4586052894592285, "5639_40744_000016_000002": 4.4586052894592285, "5639_40744_000018_000002": 4.605677127838135, "5639_40744_000020_000002": 4.641701698303223, "5683_32865_000031_000000": 4.5534443855285645, "5683_32866_000018_000000": 4.954075813293457, "5683_32879_000046_000000": 3.66573429107666, "5683_32879_000048_000003": 4.394580364227295, "6829_68769_000005_000004": 3.176246166229248, "6829_68771_000004_000000": 3.9116761684417725, "6829_68771_000012_000005": 3.1887495517730713, "6829_68771_000037_000001": 3.737504720687866, "6829_68771_000045_000000": 3.491964340209961, "6930_75918_000038_000000": 3.9842405319213867, "6930_75918_000039_000000": 4.604238033294678, "7021_79759_000004_000004": 4.133065223693848, "7021_85628_000014_000000": 4.042696952819824, "7127_75946_000052_000000": 4.5498480796813965, "7127_75946_000052_000001": 4.408015251159668, "7127_75946_000057_000002": 4.701219081878662, "7176_88083_000024_000001": 4.134913444519043, "7729_102255_000002_000001": 4.300482273101807, "7729_102255_000020_000006": 4.379626750946045, "8224_274384_000026_000002": 4.5716423988342285, "8230_279154_000008_000005": 3.7518301010131836, "8230_279154_000027_000001": 3.954024314880371, "8455_210777_000054_000001": 4.6209330558776855, "8455_210777_000061_000003": 4.268890857696533, "8463_287645_000013_000000": 4.253217697143555, "8463_287645_000024_000001": 2.879725694656372, "8463_294828_000020_000000": 3.6455883979797363, "8463_294828_000024_000002": 4.4763641357421875, "8463_294828_000052_000000": 4.128603935241699, "8555_284449_000038_000001": 4.2696990966796875, "8555_284449_000061_000000": 4.277624607086182}, "avg_score": 4.300611140727997}