{"pitch_mean": 174.01178367614747, "pitch_std": 33.99575716972351, "pitch_kurtosis": 0.797474112743834, "pitch_skewness": 1.0364487059813792}