{"scores": {"1089_134686_000012_000000": 1.0, "1188_133604_000012_000002": 1.0000001192092896, "121_121726_000007_000003": 1.0, "121_127105_000013_000000": 1.000000238418579, "121_127105_000016_000008": 1.0, "1320_122612_000048_000002": 1.0, "1320_122617_000027_000002": 1.0, "1580_141083_000008_000005": 1.000000238418579, "1580_141083_000016_000000": 1.0000001192092896, "1580_141083_000018_000001": 1.0000001192092896, "1580_141083_000041_000005": 0.9999998807907104, "1580_141083_000076_000000": 1.0, "1580_141083_000117_000000": 0.9999998807907104, "1580_141084_000006_000000": 1.0, "1580_141084_000019_000001": 1.0000001192092896, "1995_1826_000016_000000": 1.0000001192092896, "1995_1836_000004_000003": 1.000000238418579, "1995_1836_000009_000000": 1.0000001192092896, "1995_1837_000011_000001": 1.0, "2300_131720_000002_000003": 1.0000001192092896, "2300_131720_000005_000002": 1.0, "2300_131720_000016_000014": 1.0, "2300_131720_000035_000004": 0.9999999403953552, "237_126133_000002_000003": 1.0, "237_126133_000009_000000": 1.0, "237_134493_000017_000014": 1.0000001192092896, "237_134493_000021_000002": 1.0000001192092896, "237_134500_000005_000000": 1.0000001192092896, "260_123286_000006_000002": 1.0, "260_123286_000012_000001": 1.0, "260_123286_000048_000002": 0.9999999403953552, "2830_3979_000023_000000": 1.0000001192092896, "2830_3980_000017_000000": 1.0, "2830_3980_000106_000004": 1.0, "2961_961_000004_000008": 1.0, "3570_5694_000010_000001": 1.0, "3570_5694_000010_000004": 1.0, "3570_5695_000008_000002": 1.0, "3729_6852_000004_000003": 1.0, "4077_13754_000002_000001": 0.9999998807907104, "4446_2271_000003_000003": 1.0, "4446_2271_000017_000000": 1.0000001192092896, "4446_2273_000011_000003": 1.000000238418579, "4446_2273_000023_000001": 1.0000001192092896, "4446_2273_000027_000002": 1.0, "4446_2273_000034_000001": 1.0000001192092896, "4446_2275_000021_000002": 1.0000001192092896, "4446_2275_000043_000004": 1.0, "4507_16021_000026_000001": 1.0, "4507_16021_000030_000001": 1.000000238418579, "4507_16021_000038_000001": 1.0000001192092896, "4970_29093_000017_000000": 1.0000001192092896, "4970_29093_000017_000002": 1.0000001192092896, "4970_29093_000036_000000": 1.0, "4970_29093_000049_000001": 0.9999999403953552, "4970_29095_000032_000001": 1.0, "4992_23283_000047_000001": 1.0000001192092896, "4992_41797_000012_000000": 1.0, "4992_41797_000017_000002": 1.0000001192092896, "4992_41797_000023_000002": 1.0, "5105_28241_000017_000000": 1.0, "5142_33396_000021_000000": 1.000000238418579, "5142_33396_000028_000001": 1.0, "5142_36600_000007_000007": 1.0, "5142_36600_000010_000001": 1.0, "5639_40744_000012_000003": 1.0000001192092896, "5639_40744_000016_000002": 1.0000001192092896, "5639_40744_000018_000002": 1.0000001192092896, "5639_40744_000020_000002": 1.0, "5683_32865_000031_000000": 1.0000001192092896, "5683_32866_000018_000000": 1.0000001192092896, "5683_32879_000046_000000": 1.0, "5683_32879_000048_000003": 1.0000001192092896, "6829_68769_000005_000004": 1.0000001192092896, "6829_68771_000004_000000": 1.0000001192092896, "6829_68771_000012_000005": 1.0000001192092896, "6829_68771_000037_000001": 1.0, "6829_68771_000045_000000": 1.0, "6930_75918_000038_000000": 1.0, "6930_75918_000039_000000": 1.0000001192092896, "7021_79759_000004_000004": 1.000000238418579, "7021_85628_000014_000000": 1.0, "7127_75946_000052_000000": 1.0000001192092896, "7127_75946_000052_000001": 1.0000001192092896, "7127_75946_000057_000002": 1.0000001192092896, "7176_88083_000024_000001": 1.0000001192092896, "7729_102255_000002_000001": 1.0, "7729_102255_000020_000006": 1.0, "8224_274384_000026_000002": 1.0000001192092896, "8230_279154_000008_000005": 1.0000001192092896, "8230_279154_000027_000001": 1.0, "8455_210777_000054_000001": 1.0000001192092896, "8455_210777_000061_000003": 1.000000238418579, "8463_287645_000013_000000": 1.0, "8463_287645_000024_000001": 1.0000001192092896, "8463_294828_000020_000000": 1.0, "8463_294828_000024_000002": 1.0, "8463_294828_000052_000000": 1.0, "8555_284449_000038_000001": 1.0000001192092896, "8555_284449_000061_000000": 1.000000238418579}, "avg_score": 1.000000062584877}