{"scores": {"1089_134686_000012_000000": 4.005923748016357, "1188_133604_000012_000002": 4.5799641609191895, "121_121726_000007_000003": 3.669851303100586, "121_127105_000013_000000": 4.475531101226807, "121_127105_000016_000008": 4.273280620574951, "1320_122612_000048_000002": 4.321242332458496, "1320_122617_000027_000002": 4.399178981781006, "1580_141083_000008_000005": 4.591036796569824, "1580_141083_000016_000000": 4.73172664642334, "1580_141083_000018_000001": 4.793659687042236, "1580_141083_000041_000005": 4.506885051727295, "1580_141083_000076_000000": 3.7020809650421143, "1580_141083_000117_000000": 4.5326828956604, "1580_141084_000006_000000": 4.384387493133545, "1580_141084_000019_000001": 4.071092128753662, "1995_1826_000016_000000": 4.10122537612915, "1995_1836_000004_000003": 3.600315809249878, "1995_1836_000009_000000": 4.604247093200684, "1995_1837_000011_000001": 4.708981513977051, "2300_131720_000002_000003": 3.8489232063293457, "2300_131720_000005_000002": 4.011075496673584, "2300_131720_000016_000014": 3.7179858684539795, "2300_131720_000035_000004": 3.9361841678619385, "237_126133_000002_000003": 4.7463860511779785, "237_126133_000009_000000": 4.465682029724121, "237_134493_000017_000014": 4.543983459472656, "237_134493_000021_000002": 4.590061187744141, "237_134500_000005_000000": 4.34862756729126, "260_123286_000006_000002": 4.034145355224609, "260_123286_000012_000001": 3.870304584503174, "260_123286_000048_000002": 4.12416934967041, "2830_3979_000023_000000": 4.073108673095703, "2830_3980_000017_000000": 4.2372636795043945, "2830_3980_000106_000004": 4.5877275466918945, "2961_961_000004_000008": 4.204043865203857, "3570_5694_000010_000001": 3.69340443611145, "3570_5694_000010_000004": 4.078073978424072, "3570_5695_000008_000002": 3.6427292823791504, "3729_6852_000004_000003": 4.757456302642822, "4077_13754_000002_000001": 3.8378541469573975, "4446_2271_000003_000003": 3.657557487487793, "4446_2271_000017_000000": 3.552568197250366, "4446_2273_000011_000003": 4.968928813934326, "4446_2273_000023_000001": 4.3835554122924805, "4446_2273_000027_000002": 3.104482650756836, "4446_2273_000034_000001": 3.6903090476989746, "4446_2275_000021_000002": 4.694520473480225, "4446_2275_000043_000004": 3.551516056060791, "4507_16021_000026_000001": 4.698328495025635, "4507_16021_000030_000001": 4.557022571563721, "4507_16021_000038_000001": 4.469778537750244, "4970_29093_000017_000000": 4.5155839920043945, "4970_29093_000017_000002": 4.358014106750488, "4970_29093_000036_000000": 3.7185401916503906, "4970_29093_000049_000001": 4.45054817199707, "4970_29095_000032_000001": 4.493999004364014, "4992_23283_000047_000001": 4.572332382202148, "4992_41797_000012_000000": 4.623233318328857, "4992_41797_000017_000002": 4.62481164932251, "4992_41797_000023_000002": 4.389166831970215, "5105_28241_000017_000000": 4.518755912780762, "5142_33396_000021_000000": 3.9245212078094482, "5142_33396_000028_000001": 4.555376052856445, "5142_36600_000007_000007": 4.484596252441406, "5142_36600_000010_000001": 4.663636207580566, "5639_40744_000012_000003": 4.0380120277404785, "5639_40744_000016_000002": 3.8631949424743652, "5639_40744_000018_000002": 4.4040327072143555, "5639_40744_000020_000002": 3.9187214374542236, "5683_32865_000031_000000": 4.3342390060424805, "5683_32866_000018_000000": 4.504375457763672, "5683_32879_000046_000000": 4.4252471923828125, "5683_32879_000048_000003": 4.258479595184326, "6829_68769_000005_000004": 4.196989059448242, "6829_68771_000004_000000": 3.0088469982147217, "6829_68771_000012_000005": 4.0929718017578125, "6829_68771_000037_000001": 4.001395225524902, "6829_68771_000045_000000": 3.396087408065796, "6930_75918_000038_000000": 3.9978129863739014, "6930_75918_000039_000000": 3.330077886581421, "7021_79759_000004_000004": 4.279884338378906, "7021_85628_000014_000000": 3.7589595317840576, "7127_75946_000052_000000": 3.5344793796539307, "7127_75946_000052_000001": 2.668549060821533, "7127_75946_000057_000002": 3.823859453201294, "7176_88083_000024_000001": 4.506258487701416, "7729_102255_000002_000001": 4.354251861572266, "7729_102255_000020_000006": 3.745025157928467, "8224_274384_000026_000002": 3.9306349754333496, "8230_279154_000008_000005": 3.3606417179107666, "8230_279154_000027_000001": 3.4542529582977295, "8455_210777_000054_000001": 4.005410671234131, "8455_210777_000061_000003": 4.517687797546387, "8463_287645_000013_000000": 4.723309516906738, "8463_287645_000024_000001": 3.8162953853607178, "8463_294828_000020_000000": 3.4392807483673096, "8463_294828_000024_000002": 3.889807939529419, "8463_294828_000052_000000": 3.9645886421203613, "8555_284449_000038_000001": 4.347170352935791, "8555_284449_000061_000000": 4.5629096031188965}, "avg_score": 4.150779082775116}