{"pitch_mean": 174.3938706970215, "pitch_std": 33.55457171440125, "pitch_kurtosis": 0.7272893831311716, "pitch_skewness": 0.5229502298084894}