{"scores": {"1089_134686_000012_000000": 0.6752692461013794, "1188_133604_000012_000002": 0.6728556156158447, "121_121726_000007_000003": 0.33662188053131104, "121_127105_000013_000000": 0.394963800907135, "121_127105_000016_000008": 0.5535247325897217, "1320_122612_000048_000002": 0.5413711667060852, "1320_122617_000027_000002": 0.5612252354621887, "1580_141083_000008_000005": 0.43777406215667725, "1580_141083_000016_000000": 0.6877993941307068, "1580_141083_000018_000001": 0.6380373239517212, "1580_141083_000041_000005": 0.6045303344726562, "1580_141083_000076_000000": 0.31779590249061584, "1580_141083_000117_000000": 0.41099414229393005, "1580_141084_000006_000000": 0.4228607416152954, "1580_141084_000019_000001": 0.5827080607414246, "1995_1826_000016_000000": 0.716314435005188, "1995_1836_000004_000003": 0.34663957357406616, "1995_1836_000009_000000": 0.6237980723381042, "1995_1837_000011_000001": 0.6154294013977051, "2300_131720_000002_000003": 0.6145983934402466, "2300_131720_000005_000002": 0.7247132658958435, "2300_131720_000016_000014": 0.7588191032409668, "2300_131720_000035_000004": 0.6948313117027283, "237_126133_000002_000003": 0.5618586540222168, "237_126133_000009_000000": 0.3975825309753418, "237_134493_000017_000014": 0.32502713799476624, "237_134493_000021_000002": 0.5993547439575195, "237_134500_000005_000000": 0.46433719992637634, "260_123286_000006_000002": 0.3137296438217163, "260_123286_000012_000001": 0.5252726078033447, "260_123286_000048_000002": 0.5678150653839111, "2830_3979_000023_000000": 0.6990790367126465, "2830_3980_000017_000000": 0.6001198887825012, "2830_3980_000106_000004": 0.6474812626838684, "2961_961_000004_000008": 0.589680552482605, "3570_5694_000010_000001": 0.6724721789360046, "3570_5694_000010_000004": 0.6140546798706055, "3570_5695_000008_000002": 0.6347386240959167, "3729_6852_000004_000003": 0.6280450820922852, "4077_13754_000002_000001": 0.8090862035751343, "4446_2271_000003_000003": 0.7129591107368469, "4446_2271_000017_000000": 0.3402557373046875, "4446_2273_000011_000003": 0.5746763348579407, "4446_2273_000023_000001": 0.5483986735343933, "4446_2273_000027_000002": 0.31098270416259766, "4446_2273_000034_000001": 0.4900556802749634, "4446_2275_000021_000002": 0.3722257912158966, "4446_2275_000043_000004": 0.48576095700263977, "4507_16021_000026_000001": 0.5717641115188599, "4507_16021_000030_000001": 0.5091122388839722, "4507_16021_000038_000001": 0.680097222328186, "4970_29093_000017_000000": 0.5822723507881165, "4970_29093_000017_000002": 0.3227076828479767, "4970_29093_000036_000000": 0.2930821180343628, "4970_29093_000049_000001": 0.5734615921974182, "4970_29095_000032_000001": 0.6320533156394958, "4992_23283_000047_000001": 0.7331690788269043, "4992_41797_000012_000000": 0.43188488483428955, "4992_41797_000017_000002": 0.5164051651954651, "4992_41797_000023_000002": 0.47593262791633606, "5105_28241_000017_000000": 0.6834012269973755, "5142_33396_000021_000000": 0.36440080404281616, "5142_33396_000028_000001": 0.6840733885765076, "5142_36600_000007_000007": 0.4769154191017151, "5142_36600_000010_000001": 0.6475716233253479, "5639_40744_000012_000003": 0.6351232528686523, "5639_40744_000016_000002": 0.64398193359375, "5639_40744_000018_000002": 0.5285928249359131, "5639_40744_000020_000002": 0.6512843370437622, "5683_32865_000031_000000": 0.5879654884338379, "5683_32866_000018_000000": 0.4302712678909302, "5683_32879_000046_000000": 0.4565342962741852, "5683_32879_000048_000003": 0.538786768913269, "6829_68769_000005_000004": 0.4341287314891815, "6829_68771_000004_000000": 0.5369535684585571, "6829_68771_000012_000005": 0.42650070786476135, "6829_68771_000037_000001": 0.5561176538467407, "6829_68771_000045_000000": 0.5689073801040649, "6930_75918_000038_000000": 0.4367274045944214, "6930_75918_000039_000000": 0.32851138710975647, "7021_79759_000004_000004": 0.6361693143844604, "7021_85628_000014_000000": 0.5188625454902649, "7127_75946_000052_000000": 0.515514075756073, "7127_75946_000052_000001": 0.4193044900894165, "7127_75946_000057_000002": 0.6849529147148132, "7176_88083_000024_000001": 0.5530633330345154, "7729_102255_000002_000001": 0.5869901776313782, "7729_102255_000020_000006": 0.6475185751914978, "8224_274384_000026_000002": 0.5784858465194702, "8230_279154_000008_000005": 0.640407383441925, "8230_279154_000027_000001": 0.6938221454620361, "8455_210777_000054_000001": 0.6141067147254944, "8455_210777_000061_000003": 0.6269287467002869, "8463_287645_000013_000000": 0.674379825592041, "8463_287645_000024_000001": 0.5898045897483826, "8463_294828_000020_000000": 0.421604722738266, "8463_294828_000024_000002": 0.40835756063461304, "8463_294828_000052_000000": 0.4379616975784302, "8555_284449_000038_000001": 0.5586299896240234, "8555_284449_000061_000000": 0.7058984637260437}, "avg_score": 0.5486998024582863}